Workbook

Sheet FEI_Combinations_2026
A1: Rank | B1: Rider | C1: Horse | D1: Rider Country (NF) | E1: Points
A2: 1 | B2: VANDERVEEN, Kristen | C2: BULL RUN'S JIREH | D2: USA | E2: 841
A3: 2 | B3: SWEETNAM, Shane | C3: CORIAAN VAN KLAPSCHEUT Z | D3: IRL | E3: 761
A4: 3 | B4: MAHER, Ben | C4: GINGER-BLUE | D4: GBR | E4: 635
A5: 4 | B5: BUCCI, Piergiorgio | C5: PALLIETER VD N.RANCH | D5: ITA | E5: 620
A6: 5 | B6: BRASH, Scott | C6: HELLO JEFFERSON | D6: GBR | E6: 610
A7: 6 | B7: DEUSSER, Daniel | C7: OTELLO DE GULDENBOOM | D7: GER | E7: 592
A8: 7 | B8: DERBYSHIRE, Amanda | C8: CORNWALL BH | D8: GBR | E8: 590
A9: 8 | B9: WILLIAMS, Guy | C9: BH GRINGOS LEGACY | D9: GBR | E9: 588
A10: 9 | B10: VOGEL, Richard | C10: GANGSTER MONTDESIR | D10: GER | E10: 572
A11: 10 | B11: DELESTRE, Simon | C11: GOLDEN BOY DK | D11: FRA | E11: 567
A12: 11 | B12: FARRINGTON, Kent | C12: GREYA | D12: USA | E12: 565
A13: 12 | B13: LITTLE, Marilyn | C13: LA CONTESSA | D13: USA | E13: 563
... A201: 199 | B201: KRAUT, Laura | C201: BISQUETTA | D201: USA | E201: 285
A203: Source: FEI Jumping Combination Rankings, April 2026 | https://www.fei.org

Sheet Charts

Sheet Olympics_2024
A1: Final Rank | B1: Rider | C1: Rider Country | D1: Horse | E1: Stage
A2: 1 | B2: Christian Kukuk | C2: GER | D2: Checker 47 | E2: Gold
A3: 2 | B3: Steve Guerdat | C3: SUI | D3: Dynamix De Belheme | E3: Silver
A4: 3 | B4: Maikel van der Vleuten | C4: NED | D4: Beauville Z | E4: Bronze
A5: 4 | B5: Julien Epaillard | C5: FRA | D5: Dubai Du Cedre | E5: Final
A6: 5 | B6: Stephan Barcha | C6: BRA | D6: Primavera | E6: Final
A7: 6 | B7: Scott Brash | C7: GBR | D7: Jefferson | E7: Final
A8: 7 | B8: Max Kühner | C8: AUT | D8: Elektric Blue P | E8: Final
A9: 8 | B9: Laura Kraut | C9: USA | D9: Baloutinue | E9: Final
A10: 9 | B10: Ben Maher | C10: GBR | D10: Dallas Vegas Batilly | E10: Final
A11: 10 | B11: Martin Fuchs | C11: SUI | D11: Leone Jei | E11: Final
A12: 11 | B12: Ramzy Al-Duhami | C12: KSA | D12: Untouchable 32 | E12: Final
A13: 12 | B13: Philipp Weishaupt | C13: GER | D13: Zineday | E13: Final
... A28: 27 | B28: Henrik von Eckermann | C28: SWE | D28: King Edward | E28: Eliminated
A30: Source: Wikipedia - Equestrian at the 2024 Summer Olympics – Individual jumping

Sheet WBFSH_Sires_2024
A1: Rank | B1: Sire Name | C1: Country of Origin | D1: Studbook | E1: WBFSH Points
A2: 1 | B2: Kannan | C2: BEL | D2: BWP | E2: 25853
A3: 2 | B3: Chacco-Blue | C3: GER | D3: Westphalian | E3: 24939
A4: 3 | B4: Diamant de Semilly | C4: FRA | D4: Selle Français | E4: 24839
A5: 4 | B5: Cornet Obolensky | C5: GER | D5: Oldenburg | E5: 18168
A6: 5 | B6: Mylord Carthago | C6: FRA | D6: Selle Français | E6: 18137
A7: 6 | B7: Toulon | C7: NED | D7: KWPN | E7: 14173
A8: 7 | B8: Cardento 933 | C8: SWE | D8: SWB | E8: 13559
A9: 8 | B9: Comme il Faut 5 | C9: GER | D9: Hanoverian | E9: 12846
A10: 9 | B10: VDL Zirocco Blue | C10: NED | D10: KWPN | E10: 12246
A11: 10 | B11: Eldorado vd Zeshoek | C11: NED | D11: BWP | E11: 11011
A12: 11 | B12: Casall | C12: SWE | D12: SWB | E12: 10903
A13: 12 | B13: Vigo d'Arsouilles STX | C13: BEL | D13: BWP | E13: 9800
... A51: 50 | B51: Darco | C51: BEL | D51: BWP | E51: 3255
A53: Source: WBFSH World Ranking List 2024 - Jumping Top 100 Sires | https://wbfsh.com
A54: Note: Country of origin added manually based on studbook registration. Top 50 sires shown.

Sheet Statistical_Analysis
A1: WBFSH Sire Concentration Analysis
A3: Country | B3: Sire Count | C3: % of Total
A4: GER | B4: 17 | C4: =B4/50*100 -> 34
A5: NED | B5: 13 | C5: =B5/50*100 -> 26
A6: BEL | B6: 10 | C6: =B6/50*100 -> 20
A7: FRA | B7: 7 | C7: =B7/50*100 -> 14
A8: SWE | B8: 2 | C8: =B8/50*100 -> 4
A9: GBR | B9: 1 | C9: =B9/50*100 -> 2
A11: Top 3 countries total | B11: =B4+B5+B6 -> 40
A12: Top 3 % of total | B12: =(B4+B5+B6)/50*100 -> 80
A13: Top 1 country dominance | B13: =B4/50*100 -> 34
A16: FEI Average Points by Rider Country
A18: Country | B18: Avg Points per Rider
A19: GBR | B19: =AVERAGEIF(FEI_Combinations_2026!D:D,"GBR",FEI_Combinations_2026!E:E) -> 433.52941
A20: FRA | B20: =AVERAGEIF(FEI_Combinations_2026!D:D,"FRA",FEI_Combinations_2026!E:E) -> 398.10526
A21: IRL | B21: =AVERAGEIF(FEI_Combinations_2026!D:D,"IRL",FEI_Combinations_2026!E:E) -> 393.31818
A22: USA | B22: =AVERAGEIF(FEI_Combinations_2026!D:D,"USA",FEI_Combinations_2026!E:E) -> 396
A23: BEL | B23: =AVERAGEIF(FEI_Combinations_2026!D:D,"BEL",FEI_Combinations_2026!E:E) -> 375.90909
A24: GER | B24: =AVERAGEIF(FEI_Combinations_2026!D:D,"GER",FEI_Combinations_2026!E:E) -> 367.25
A25: NED | B25: =AVERAGEIF(FEI_Combinations_2026!D:D,"NED",FEI_Combinations_2026!E:E) -> 354.2
A28: Dependency Index Analysis
A29: Country | B29: Top Sires | C29: Top Riders | D29: Dependency Index
A30: GER | B30: 17 | C30: 24 | D30: =C30/B30 -> 1.4117647
A31: NED | B31: 13 | C31: 5 | D31: =C31/B31 -> 0.38461538
A32: BEL | B32: 10 | C32: 11 | D32: =C32/B32 -> 1.1
A33: FRA | B33: 7 | C33: 19 | D33: =C33/B33 -> 2.7142857
A34: GBR | B34: 1 | C34: 17 | D34: =C34/B4 -> 1
A35: IRL | B35: 0 | C35: 22 | D35: =IF(B35=0,"∞",C35/B35) -> ∞
A36: USA | B36: 0 | C36: 31 | D36: =IF(B36=0,"∞",C36/B36) -> ∞

Sheet README
A1: PROJECT | B1: Show Jumping Horses — Nationality Analysis
A2: Author | B2: Anna Viola De Matteis (dematteisannaviola)
A3: GitHub | B3: https://github.com/dematteisannaviola/show-jumping-horses-analysis
A4: Last Updated | B4: May 2026
A6: SHEET 1 | B6: FEI_Combinations_2026
A7: Description | B7: FEI Jumping Combination Rankings (April 2026) — Rider + Horse + Nationality
A8: Source | B8: FEI Official Rankings | https://www.fei.org
A9: Records | B9: 200 top combinations
A11: SHEET 2 | B11: Olympics_2024
A12: Description | B12: Individual Show Jumping results — Paris 2024 Olympics (Final + Qualification)
A13: Source | B13: Wikipedia — Equestrian at the 2024 Summer Olympics
A14: Records | B14: 27 riders (final + qualifiers)
... A19: Records | B19: 50 sires with country of origin
A21: KEY QUESTIONS
A22: Q1 | B22: Which countries produce the most competitive horses (sires)?
A23: Q2 | B23: Do riders compete with horses from their own country?
A24: Q3 | B24: Which nationalities dominate Olympic podiums?
A25: Q4 | B25: Is there a gap between horse-producing countries and rider-nationality countries?
